<?xml version="1.0" encoding="UTF-8" standalone="no"?>
<Persons>
    <Person>
        <number>375294615976</number>
        <address>74</address>
        <name>Андрухович</name>
    </Person>
    <Person>
        <number>375291306018</number>
        <address>116</address>
        <name>Соколов</name>
    </Person>
    <Person>
        <number>375297600590</number>
        <address>11</address>
        <name>Сергеев</name>
    </Person>
    <Person>
        <number>375292224030</number>
        <address>199</address>
        <name>Сусаренко</name>
    </Person>
    <Person>
        <number>375290109975</number>
        <address>50</address>
        <name>Казаков</name>
    </Person>
    <Person>
        <number>375290570666</number>
        <address>122</address>
        <name>Лукин</name>
    </Person>
    <Person>
        <number>375292748640</number>
        <address>14</address>
        <name>Филиппов</name>
    </Person>
    <Person>
        <number>375297328633</number>
        <address>15</address>
        <name>Сыпченко</name>
    </Person>
    <Person>
        <number>375294464115</number>
        <address>193</address>
        <name>Кулишенко</name>
    </Person>
    <Person>
        <number>375296333996</number>
        <address>89</address>
        <name>Коломоец</name>
    </Person>
    <Person>
        <number>375296103501</number>
        <address>114</address>
        <name>Шаров</name>
    </Person>
    <Person>
        <number>375294411758</number>
        <address>158</address>
        <name>Кондратьев</name>
    </Person>
    <Person>
        <number>375290461614</number>
        <address>97</address>
        <name>Батейко</name>
    </Person>
    <Person>
        <number>375294764737</number>
        <address>37</address>
        <name>Плаксий</name>
    </Person>
    <Person>
        <number>375294879993</number>
        <address>130</address>
        <name>Калинин</name>
    </Person>
    <Person>
        <number>375294541124</number>
        <address>12</address>
        <name>Цветков</name>
    </Person>
    <Person>
        <number>375296033276</number>
        <address>160</address>
        <name>Предыбайло</name>
    </Person>
    <Person>
        <number>375295212596</number>
        <address>135</address>
        <name>Негода</name>
    </Person>
    <Person>
        <number>375297496439</number>
        <address>172</address>
        <name>Михайлов</name>
    </Person>
    <Person>
        <number>375298300641</number>
        <address>156</address>
        <name>Шевченко</name>
    </Person>
    <Person>
        <number>375295467225</number>
        <address>60</address>
        <name>Трясило</name>
    </Person>
    <Person>
        <number>375294790660</number>
        <address>152</address>
        <name>Скоропадский</name>
    </Person>
    <Person>
        <number>375290904393</number>
        <address>187</address>
        <name>Веселов</name>
    </Person>
    <Person>
        <number>375293329732</number>
        <address>191</address>
        <name>Панфилов</name>
    </Person>
    <Person>
        <number>375298810167</number>
        <address>100</address>
        <name>Ширяев</name>
    </Person>
    <Person>
        <number>375293760364</number>
        <address>72</address>
        <name>Мазайло</name>
    </Person>
    <Person>
        <number>375296499321</number>
        <address>111</address>
        <name>Батейко</name>
    </Person>
    <Person>
        <number>375295363786</number>
        <address>121</address>
        <name>Стрелков</name>
    </Person>
    <Person>
        <number>375297768344</number>
        <address>133</address>
        <name>Саксаганский</name>
    </Person>
    <Person>
        <number>375291085720</number>
        <address>197</address>
        <name>Романенко</name>
    </Person>
</Persons>
