[{"number":"375294615976","address":"74","name":"Андрухович"},{"number":"375291306018","address":"116","name":"Соколов"},{"number":"375297600590","address":"11","name":"Сергеев"},{"number":"375292224030","address":"199","name":"Сусаренко"},{"number":"375290109975","address":"50","name":"Казаков"},{"number":"375290570666","address":"122","name":"Лукин"},{"number":"375292748640","address":"14","name":"Филиппов"},{"number":"375297328633","address":"15","name":"Сыпченко"},{"number":"375294464115","address":"193","name":"Кулишенко"},{"number":"375296333996","address":"89","name":"Коломоец"},{"number":"375296103501","address":"114","name":"Шаров"},{"number":"375294411758","address":"158","name":"Кондратьев"},{"number":"375290461614","address":"97","name":"Батейко"},{"number":"375294764737","address":"37","name":"Плаксий"},{"number":"375294879993","address":"130","name":"Калинин"},{"number":"375294541124","address":"12","name":"Цветков"},{"number":"375296033276","address":"160","name":"Предыбайло"},{"number":"375295212596","address":"135","name":"Негода"},{"number":"375297496439","address":"172","name":"Михайлов"},{"number":"375298300641","address":"156","name":"Шевченко"},{"number":"375295467225","address":"60","name":"Трясило"},{"number":"375294790660","address":"152","name":"Скоропадский"},{"number":"375290904393","address":"187","name":"Веселов"},{"number":"375293329732","address":"191","name":"Панфилов"},{"number":"375298810167","address":"100","name":"Ширяев"},{"number":"375293760364","address":"72","name":"Мазайло"},{"number":"375296499321","address":"111","name":"Батейко"},{"number":"375295363786","address":"121","name":"Стрелков"},{"number":"375297768344","address":"133","name":"Саксаганский"},{"number":"375291085720","address":"197","name":"Романенко"}]
